row1,row2
-2.9685,-8.8971200129217
-1.262,-0.72652125887817
-0.7665,-5.0340808645636
1.6185,0.026173877449073
1.8645,2.809522952625
0.244,4.719661386912
-0.3705,-3.3768324375165
0.4295,5.7017953986084
0.788,4.1048346004804
1.233,-0.18276815883728